{
  "final_gdp": 1910322.6773096262,
  "final_unemployment": 0.8571428571428571,
  "final_inflation": 0.0,
  "final_gini": 0.65359531631518,
  "avg_gdp": 728310.3141689958,
  "avg_unemployment": 0.7080729455729456,
  "avg_inflation": 0.0,
  "avg_gini": 0.5061702107071219,
  "execution_time": 0.0539250373840332,
  "steps": 12
}