{
  "final_gdp": 72107.58357998692,
  "final_unemployment": 0.2,
  "final_inflation": 0.0,
  "final_gini": 0.3214489586102298,
  "avg_gdp": 72107.58357998692,
  "avg_unemployment": 0.20000000000000004,
  "avg_inflation": 0.0,
  "avg_gini": 0.3214489586102298,
  "execution_time": 0.00150299072265625,
  "steps": 3
}