{
  "final_gdp": 1490104.437011951,
  "final_unemployment": 0.8571428571428571,
  "final_inflation": 0.0,
  "final_gini": 0.24988063793120996,
  "avg_gdp": 642605.5840980461,
  "avg_unemployment": 0.7080729455729456,
  "avg_inflation": 0.0,
  "avg_gini": 0.21611214603112341,
  "execution_time": 0.03957867622375488,
  "steps": 12
}