{
  "final_gdp": 316074.2301761474,
  "final_unemployment": 0,
  "final_inflation": -0.06468490617793174,
  "final_gini": 0.4119617932313171,
  "avg_gdp": 191014.74589450928,
  "steps": 5
}