{
  "final_gdp": 3188111426058.0947,
  "final_unemployment": 0.9473684210526315,
  "final_inflation": 0.0,
  "final_gini": 0.8684219203984909,
  "avg_gdp": 191289131603.2151,
  "avg_unemployment": 0.8776046702942,
  "avg_inflation": 0.0,
  "avg_gini": 0.7461545737827399,
  "execution_time": 1.3900411128997803,
  "steps": 50
}