{
  "final_gdp": 614667.1685941058,
  "final_unemployment": 0,
  "final_inflation": 0.08633526692248643,
  "final_gini": 0.256162732397033,
  "avg_gdp": 357652.3598123262,
  "steps": 12
}