{
  "final_gdp": 1373805.9880019955,
  "final_unemployment": 0.8571428571428571,
  "final_inflation": 0.0,
  "final_gini": 0.2578588116780012,
  "avg_gdp": 599959.7117785292,
  "avg_unemployment": 0.7080729455729456,
  "avg_inflation": 0.0,
  "avg_gini": 0.23488605542391836,
  "execution_time": 0.03815913200378418,
  "steps": 12
}