{
  "final_gdp": 1959051.7041505058,
  "final_unemployment": 0.8571428571428571,
  "final_inflation": 0.0,
  "final_gini": 0.6554379916587729,
  "avg_gdp": 718394.9551752737,
  "avg_unemployment": 0.7080729455729456,
  "avg_inflation": 0.0,
  "avg_gini": 0.49993547378155667,
  "execution_time": 0.05516171455383301,
  "steps": 12
}